,Graduation Year,Field of Study,Gender,Occupations,VALUE
2,2010,Nursing and Midwifery,Male,Administrative and secretarial occupations,
3,2010,Nursing and Midwifery,Male,Skilled trades occupations,
5,2010,Nursing and Midwifery,Male,Sales and customer service occupations,
6,2010,Nursing and Midwifery,Male,"Process, plant and machine operatives",
7,2010,Nursing and Midwifery,Male,Elementary occupations,
9,2010,Nursing and Midwifery,Male,Teaching and educational professionals,
10,2010,Nursing and Midwifery,Male,"Business, media and public service professionals",
12,2010,Nursing and Midwifery,Male,Psychologists,
13,2010,Nursing and Midwifery,Male,Pharmacists,
14,2010,Nursing and Midwifery,Male,Ophthalmic opticians,
15,2010,Nursing and Midwifery,Male,Dental practitioners,
16,2010,Nursing and Midwifery,Male,Veterinarians,
17,2010,Nursing and Midwifery,Male,Medical radiographers,
18,2010,Nursing and Midwifery,Male,Podiatrists,
19,2010,Nursing and Midwifery,Male,Health professionals n.e.c.,
20,2010,Nursing and Midwifery,Male,Physiotherapists,
21,2010,Nursing and Midwifery,Male,Occupational therapists,
22,2010,Nursing and Midwifery,Male,Speech and language therapists,
32,2010,Nursing and Midwifery,Female,"Process, plant and machine operatives",
33,2010,Nursing and Midwifery,Female,Elementary occupations,
38,2010,Nursing and Midwifery,Female,Psychologists,
39,2010,Nursing and Midwifery,Female,Pharmacists,
40,2010,Nursing and Midwifery,Female,Ophthalmic opticians,
41,2010,Nursing and Midwifery,Female,Dental practitioners,
42,2010,Nursing and Midwifery,Female,Veterinarians,
44,2010,Nursing and Midwifery,Female,Podiatrists,
46,2010,Nursing and Midwifery,Female,Physiotherapists,
49,2010,Nursing and Midwifery,Female,Therapy professionals n.e.c.,
58,2010,Nursing and Midwifery,All genders,"Process, plant and machine operatives",
59,2010,Nursing and Midwifery,All genders,Elementary occupations,
64,2010,Nursing and Midwifery,All genders,Psychologists,
65,2010,Nursing and Midwifery,All genders,Pharmacists,
66,2010,Nursing and Midwifery,All genders,Ophthalmic opticians,
67,2010,Nursing and Midwifery,All genders,Dental practitioners,
68,2010,Nursing and Midwifery,All genders,Veterinarians,
70,2010,Nursing and Midwifery,All genders,Podiatrists,
72,2010,Nursing and Midwifery,All genders,Physiotherapists,
78,2010,Medicine,Male,"Managers, directors and senior officials",
80,2010,Medicine,Male,Administrative and secretarial occupations,
81,2010,Medicine,Male,Skilled trades occupations,
82,2010,Medicine,Male,"Caring, leisure and other service occupations",
83,2010,Medicine,Male,Sales and customer service occupations,
84,2010,Medicine,Male,"Process, plant and machine operatives",
86,2010,Medicine,Male,"Science, research, engineering and technology professionals",
90,2010,Medicine,Male,Psychologists,
91,2010,Medicine,Male,Pharmacists,
92,2010,Medicine,Male,Ophthalmic opticians,
93,2010,Medicine,Male,Dental practitioners,
94,2010,Medicine,Male,Veterinarians,
95,2010,Medicine,Male,Medical radiographers,
96,2010,Medicine,Male,Podiatrists,
97,2010,Medicine,Male,Health professionals n.e.c.,
98,2010,Medicine,Male,Physiotherapists,
99,2010,Medicine,Male,Occupational therapists,
100,2010,Medicine,Male,Speech and language therapists,
101,2010,Medicine,Male,Therapy professionals n.e.c.,
102,2010,Medicine,Male,Nurses and midwives,
104,2010,Medicine,Female,"Managers, directors and senior officials",
105,2010,Medicine,Female,Associate professional and technical occupations,
107,2010,Medicine,Female,Skilled trades occupations,
108,2010,Medicine,Female,"Caring, leisure and other service occupations",
109,2010,Medicine,Female,Sales and customer service occupations,
111,2010,Medicine,Female,Elementary occupations,
116,2010,Medicine,Female,Psychologists,
117,2010,Medicine,Female,Pharmacists,
118,2010,Medicine,Female,Ophthalmic opticians,
119,2010,Medicine,Female,Dental practitioners,
120,2010,Medicine,Female,Veterinarians,
121,2010,Medicine,Female,Medical radiographers,
122,2010,Medicine,Female,Podiatrists,
123,2010,Medicine,Female,Health professionals n.e.c.,
124,2010,Medicine,Female,Physiotherapists,
125,2010,Medicine,Female,Occupational therapists,
126,2010,Medicine,Female,Speech and language therapists,
127,2010,Medicine,Female,Therapy professionals n.e.c.,
128,2010,Medicine,Female,Nurses and midwives,
130,2010,Medicine,All genders,"Managers, directors and senior officials",
133,2010,Medicine,All genders,Skilled trades occupations,
134,2010,Medicine,All genders,"Caring, leisure and other service occupations",
135,2010,Medicine,All genders,Sales and customer service occupations,
142,2010,Medicine,All genders,Psychologists,
143,2010,Medicine,All genders,Pharmacists,
144,2010,Medicine,All genders,Ophthalmic opticians,
145,2010,Medicine,All genders,Dental practitioners,
146,2010,Medicine,All genders,Veterinarians,
147,2010,Medicine,All genders,Medical radiographers,
148,2010,Medicine,All genders,Podiatrists,
149,2010,Medicine,All genders,Health professionals n.e.c.,
150,2010,Medicine,All genders,Physiotherapists,
151,2010,Medicine,All genders,Occupational therapists,
152,2010,Medicine,All genders,Speech and language therapists,
153,2010,Medicine,All genders,Therapy professionals n.e.c.,
154,2010,Medicine,All genders,Nurses and midwives,
158,2010,Social Care,Male,Administrative and secretarial occupations,
167,2010,Social Care,Male,Medical practitioners,
168,2010,Social Care,Male,Psychologists,
169,2010,Social Care,Male,Pharmacists,
170,2010,Social Care,Male,Ophthalmic opticians,
171,2010,Social Care,Male,Dental practitioners,
172,2010,Social Care,Male,Veterinarians,
173,2010,Social Care,Male,Medical radiographers,
174,2010,Social Care,Male,Podiatrists,
175,2010,Social Care,Male,Health professionals n.e.c.,
177,2010,Social Care,Male,Occupational therapists,
178,2010,Social Care,Male,Speech and language therapists,
180,2010,Social Care,Male,Nurses and midwives,
193,2010,Social Care,Female,Medical practitioners,
195,2010,Social Care,Female,Pharmacists,
196,2010,Social Care,Female,Ophthalmic opticians,
197,2010,Social Care,Female,Dental practitioners,
198,2010,Social Care,Female,Veterinarians,
199,2010,Social Care,Female,Medical radiographers,
200,2010,Social Care,Female,Podiatrists,
201,2010,Social Care,Female,Health professionals n.e.c.,
202,2010,Social Care,Female,Physiotherapists,
219,2010,Social Care,All genders,Medical practitioners,
221,2010,Social Care,All genders,Pharmacists,
222,2010,Social Care,All genders,Ophthalmic opticians,
223,2010,Social Care,All genders,Dental practitioners,
224,2010,Social Care,All genders,Veterinarians,
225,2010,Social Care,All genders,Medical radiographers,
226,2010,Social Care,All genders,Podiatrists,
227,2010,Social Care,All genders,Health professionals n.e.c.,
236,2011,Nursing and Midwifery,Male,Administrative and secretarial occupations,
237,2011,Nursing and Midwifery,Male,Skilled trades occupations,
239,2011,Nursing and Midwifery,Male,Sales and customer service occupations,
240,2011,Nursing and Midwifery,Male,"Process, plant and machine operatives",
241,2011,Nursing and Midwifery,Male,Elementary occupations,
242,2011,Nursing and Midwifery,Male,"Science, research, engineering and technology professionals",
243,2011,Nursing and Midwifery,Male,Teaching and educational professionals,
246,2011,Nursing and Midwifery,Male,Psychologists,
247,2011,Nursing and Midwifery,Male,Pharmacists,
248,2011,Nursing and Midwifery,Male,Ophthalmic opticians,
249,2011,Nursing and Midwifery,Male,Dental practitioners,
250,2011,Nursing and Midwifery,Male,Veterinarians,
251,2011,Nursing and Midwifery,Male,Medical radiographers,
252,2011,Nursing and Midwifery,Male,Podiatrists,
253,2011,Nursing and Midwifery,Male,Health professionals n.e.c.,
254,2011,Nursing and Midwifery,Male,Physiotherapists,
255,2011,Nursing and Midwifery,Male,Occupational therapists,
256,2011,Nursing and Midwifery,Male,Speech and language therapists,
257,2011,Nursing and Midwifery,Male,Therapy professionals n.e.c.,
267,2011,Nursing and Midwifery,Female,Elementary occupations,
274,2011,Nursing and Midwifery,Female,Ophthalmic opticians,
277,2011,Nursing and Midwifery,Female,Medical radiographers,
279,2011,Nursing and Midwifery,Female,Health professionals n.e.c.,
280,2011,Nursing and Midwifery,Female,Physiotherapists,
293,2011,Nursing and Midwifery,All genders,Elementary occupations,
300,2011,Nursing and Midwifery,All genders,Ophthalmic opticians,
303,2011,Nursing and Midwifery,All genders,Medical radiographers,
305,2011,Nursing and Midwifery,All genders,Health professionals n.e.c.,
306,2011,Nursing and Midwifery,All genders,Physiotherapists,
312,2011,Medicine,Male,"Managers, directors and senior officials",
313,2011,Medicine,Male,Associate professional and technical occupations,
314,2011,Medicine,Male,Administrative and secretarial occupations,
315,2011,Medicine,Male,Skilled trades occupations,
317,2011,Medicine,Male,Sales and customer service occupations,
318,2011,Medicine,Male,"Process, plant and machine operatives",
319,2011,Medicine,Male,Elementary occupations,
320,2011,Medicine,Male,"Science, research, engineering and technology professionals",
321,2011,Medicine,Male,Teaching and educational professionals,
322,2011,Medicine,Male,"Business, media and public service professionals",
324,2011,Medicine,Male,Psychologists,
325,2011,Medicine,Male,Pharmacists,
326,2011,Medicine,Male,Ophthalmic opticians,
327,2011,Medicine,Male,Dental practitioners,
328,2011,Medicine,Male,Veterinarians,
329,2011,Medicine,Male,Medical radiographers,
330,2011,Medicine,Male,Podiatrists,
331,2011,Medicine,Male,Health professionals n.e.c.,
332,2011,Medicine,Male,Physiotherapists,
333,2011,Medicine,Male,Occupational therapists,
334,2011,Medicine,Male,Speech and language therapists,
335,2011,Medicine,Male,Therapy professionals n.e.c.,
336,2011,Medicine,Male,Nurses and midwives,
338,2011,Medicine,Female,"Managers, directors and senior officials",
339,2011,Medicine,Female,Associate professional and technical occupations,
340,2011,Medicine,Female,Administrative and secretarial occupations,
341,2011,Medicine,Female,Skilled trades occupations,
342,2011,Medicine,Female,"Caring, leisure and other service occupations",
343,2011,Medicine,Female,Sales and customer service occupations,
345,2011,Medicine,Female,Elementary occupations,
350,2011,Medicine,Female,Psychologists,
351,2011,Medicine,Female,Pharmacists,
352,2011,Medicine,Female,Ophthalmic opticians,
353,2011,Medicine,Female,Dental practitioners,
354,2011,Medicine,Female,Veterinarians,
355,2011,Medicine,Female,Medical radiographers,
356,2011,Medicine,Female,Podiatrists,
357,2011,Medicine,Female,Health professionals n.e.c.,
358,2011,Medicine,Female,Physiotherapists,
359,2011,Medicine,Female,Occupational therapists,
360,2011,Medicine,Female,Speech and language therapists,
361,2011,Medicine,Female,Therapy professionals n.e.c.,
362,2011,Medicine,Female,Nurses and midwives,
364,2011,Medicine,All genders,"Managers, directors and senior officials",
365,2011,Medicine,All genders,Associate professional and technical occupations,
366,2011,Medicine,All genders,Administrative and secretarial occupations,
367,2011,Medicine,All genders,Skilled trades occupations,
369,2011,Medicine,All genders,Sales and customer service occupations,
371,2011,Medicine,All genders,Elementary occupations,
376,2011,Medicine,All genders,Psychologists,
377,2011,Medicine,All genders,Pharmacists,
378,2011,Medicine,All genders,Ophthalmic opticians,
379,2011,Medicine,All genders,Dental practitioners,
380,2011,Medicine,All genders,Veterinarians,
381,2011,Medicine,All genders,Medical radiographers,
382,2011,Medicine,All genders,Podiatrists,
383,2011,Medicine,All genders,Health professionals n.e.c.,
384,2011,Medicine,All genders,Physiotherapists,
385,2011,Medicine,All genders,Occupational therapists,
386,2011,Medicine,All genders,Speech and language therapists,
387,2011,Medicine,All genders,Therapy professionals n.e.c.,
388,2011,Medicine,All genders,Nurses and midwives,
396,2011,Social Care,Male,"Process, plant and machine operatives",
397,2011,Social Care,Male,Elementary occupations,
401,2011,Social Care,Male,Medical practitioners,
402,2011,Social Care,Male,Psychologists,
403,2011,Social Care,Male,Pharmacists,
404,2011,Social Care,Male,Ophthalmic opticians,
405,2011,Social Care,Male,Dental practitioners,
406,2011,Social Care,Male,Veterinarians,
407,2011,Social Care,Male,Medical radiographers,
408,2011,Social Care,Male,Podiatrists,
409,2011,Social Care,Male,Health professionals n.e.c.,
410,2011,Social Care,Male,Physiotherapists,
427,2011,Social Care,Female,Medical practitioners,
428,2011,Social Care,Female,Psychologists,
429,2011,Social Care,Female,Pharmacists,
430,2011,Social Care,Female,Ophthalmic opticians,
431,2011,Social Care,Female,Dental practitioners,
432,2011,Social Care,Female,Veterinarians,
434,2011,Social Care,Female,Podiatrists,
436,2011,Social Care,Female,Physiotherapists,
439,2011,Social Care,Female,Therapy professionals n.e.c.,
453,2011,Social Care,All genders,Medical practitioners,
454,2011,Social Care,All genders,Psychologists,
455,2011,Social Care,All genders,Pharmacists,
456,2011,Social Care,All genders,Ophthalmic opticians,
457,2011,Social Care,All genders,Dental practitioners,
458,2011,Social Care,All genders,Veterinarians,
460,2011,Social Care,All genders,Podiatrists,
462,2011,Social Care,All genders,Physiotherapists,
470,2012,Nursing and Midwifery,Male,Administrative and secretarial occupations,
473,2012,Nursing and Midwifery,Male,Sales and customer service occupations,
474,2012,Nursing and Midwifery,Male,"Process, plant and machine operatives",
475,2012,Nursing and Midwifery,Male,Elementary occupations,
479,2012,Nursing and Midwifery,Male,Medical practitioners,
480,2012,Nursing and Midwifery,Male,Psychologists,
481,2012,Nursing and Midwifery,Male,Pharmacists,
482,2012,Nursing and Midwifery,Male,Ophthalmic opticians,
483,2012,Nursing and Midwifery,Male,Dental practitioners,
484,2012,Nursing and Midwifery,Male,Veterinarians,
485,2012,Nursing and Midwifery,Male,Medical radiographers,
486,2012,Nursing and Midwifery,Male,Podiatrists,
487,2012,Nursing and Midwifery,Male,Health professionals n.e.c.,
488,2012,Nursing and Midwifery,Male,Physiotherapists,
489,2012,Nursing and Midwifery,Male,Occupational therapists,
490,2012,Nursing and Midwifery,Male,Speech and language therapists,
491,2012,Nursing and Midwifery,Male,Therapy professionals n.e.c.,
497,2012,Nursing and Midwifery,Female,Skilled trades occupations,
501,2012,Nursing and Midwifery,Female,Elementary occupations,
505,2012,Nursing and Midwifery,Female,Medical practitioners,
506,2012,Nursing and Midwifery,Female,Psychologists,
507,2012,Nursing and Midwifery,Female,Pharmacists,
508,2012,Nursing and Midwifery,Female,Ophthalmic opticians,
509,2012,Nursing and Midwifery,Female,Dental practitioners,
510,2012,Nursing and Midwifery,Female,Veterinarians,
512,2012,Nursing and Midwifery,Female,Podiatrists,
527,2012,Nursing and Midwifery,All genders,Elementary occupations,
531,2012,Nursing and Midwifery,All genders,Medical practitioners,
532,2012,Nursing and Midwifery,All genders,Psychologists,
533,2012,Nursing and Midwifery,All genders,Pharmacists,
534,2012,Nursing and Midwifery,All genders,Ophthalmic opticians,
535,2012,Nursing and Midwifery,All genders,Dental practitioners,
536,2012,Nursing and Midwifery,All genders,Veterinarians,
538,2012,Nursing and Midwifery,All genders,Podiatrists,
547,2012,Medicine,Male,Associate professional and technical occupations,
549,2012,Medicine,Male,Skilled trades occupations,
550,2012,Medicine,Male,"Caring, leisure and other service occupations",
551,2012,Medicine,Male,Sales and customer service occupations,
552,2012,Medicine,Male,"Process, plant and machine operatives",
553,2012,Medicine,Male,Elementary occupations,
554,2012,Medicine,Male,"Science, research, engineering and technology professionals",
555,2012,Medicine,Male,Teaching and educational professionals,
558,2012,Medicine,Male,Psychologists,
559,2012,Medicine,Male,Pharmacists,
560,2012,Medicine,Male,Ophthalmic opticians,
561,2012,Medicine,Male,Dental practitioners,
562,2012,Medicine,Male,Veterinarians,
563,2012,Medicine,Male,Medical radiographers,
564,2012,Medicine,Male,Podiatrists,
565,2012,Medicine,Male,Health professionals n.e.c.,
566,2012,Medicine,Male,Physiotherapists,
567,2012,Medicine,Male,Occupational therapists,
568,2012,Medicine,Male,Speech and language therapists,
569,2012,Medicine,Male,Therapy professionals n.e.c.,
570,2012,Medicine,Male,Nurses and midwives,
573,2012,Medicine,Female,Associate professional and technical occupations,
574,2012,Medicine,Female,Administrative and secretarial occupations,
575,2012,Medicine,Female,Skilled trades occupations,
577,2012,Medicine,Female,Sales and customer service occupations,
578,2012,Medicine,Female,"Process, plant and machine operatives",
579,2012,Medicine,Female,Elementary occupations,
582,2012,Medicine,Female,"Business, media and public service professionals",
584,2012,Medicine,Female,Psychologists,
585,2012,Medicine,Female,Pharmacists,
586,2012,Medicine,Female,Ophthalmic opticians,
587,2012,Medicine,Female,Dental practitioners,
590,2012,Medicine,Female,Podiatrists,
591,2012,Medicine,Female,Health professionals n.e.c.,
592,2012,Medicine,Female,Physiotherapists,
593,2012,Medicine,Female,Occupational therapists,
594,2012,Medicine,Female,Speech and language therapists,
595,2012,Medicine,Female,Therapy professionals n.e.c.,
596,2012,Medicine,Female,Nurses and midwives,
599,2012,Medicine,All genders,Associate professional and technical occupations,
601,2012,Medicine,All genders,Skilled trades occupations,
603,2012,Medicine,All genders,Sales and customer service occupations,
604,2012,Medicine,All genders,"Process, plant and machine operatives",
605,2012,Medicine,All genders,Elementary occupations,
610,2012,Medicine,All genders,Psychologists,
611,2012,Medicine,All genders,Pharmacists,
612,2012,Medicine,All genders,Ophthalmic opticians,
613,2012,Medicine,All genders,Dental practitioners,
616,2012,Medicine,All genders,Podiatrists,
617,2012,Medicine,All genders,Health professionals n.e.c.,
618,2012,Medicine,All genders,Physiotherapists,
619,2012,Medicine,All genders,Occupational therapists,
620,2012,Medicine,All genders,Speech and language therapists,
621,2012,Medicine,All genders,Therapy professionals n.e.c.,
622,2012,Medicine,All genders,Nurses and midwives,
629,2012,Social Care,Male,Sales and customer service occupations,
632,2012,Social Care,Male,"Science, research, engineering and technology professionals",
635,2012,Social Care,Male,Medical practitioners,
636,2012,Social Care,Male,Psychologists,
637,2012,Social Care,Male,Pharmacists,
638,2012,Social Care,Male,Ophthalmic opticians,
639,2012,Social Care,Male,Dental practitioners,
640,2012,Social Care,Male,Veterinarians,
641,2012,Social Care,Male,Medical radiographers,
642,2012,Social Care,Male,Podiatrists,
643,2012,Social Care,Male,Health professionals n.e.c.,
645,2012,Social Care,Male,Occupational therapists,
646,2012,Social Care,Male,Speech and language therapists,
647,2012,Social Care,Male,Therapy professionals n.e.c.,
648,2012,Social Care,Male,Nurses and midwives,
661,2012,Social Care,Female,Medical practitioners,
662,2012,Social Care,Female,Psychologists,
663,2012,Social Care,Female,Pharmacists,
664,2012,Social Care,Female,Ophthalmic opticians,
665,2012,Social Care,Female,Dental practitioners,
666,2012,Social Care,Female,Veterinarians,
667,2012,Social Care,Female,Medical radiographers,
668,2012,Social Care,Female,Podiatrists,
669,2012,Social Care,Female,Health professionals n.e.c.,
670,2012,Social Care,Female,Physiotherapists,
672,2012,Social Care,Female,Speech and language therapists,
687,2012,Social Care,All genders,Medical practitioners,
688,2012,Social Care,All genders,Psychologists,
689,2012,Social Care,All genders,Pharmacists,
690,2012,Social Care,All genders,Ophthalmic opticians,
691,2012,Social Care,All genders,Dental practitioners,
692,2012,Social Care,All genders,Veterinarians,
693,2012,Social Care,All genders,Medical radiographers,
694,2012,Social Care,All genders,Podiatrists,
695,2012,Social Care,All genders,Health professionals n.e.c.,
698,2012,Social Care,All genders,Speech and language therapists,
704,2013,Nursing and Midwifery,Male,Administrative and secretarial occupations,
705,2013,Nursing and Midwifery,Male,Skilled trades occupations,
708,2013,Nursing and Midwifery,Male,"Process, plant and machine operatives",
709,2013,Nursing and Midwifery,Male,Elementary occupations,
710,2013,Nursing and Midwifery,Male,"Science, research, engineering and technology professionals",
714,2013,Nursing and Midwifery,Male,Psychologists,
715,2013,Nursing and Midwifery,Male,Pharmacists,
716,2013,Nursing and Midwifery,Male,Ophthalmic opticians,
717,2013,Nursing and Midwifery,Male,Dental practitioners,
718,2013,Nursing and Midwifery,Male,Veterinarians,
719,2013,Nursing and Midwifery,Male,Medical radiographers,
720,2013,Nursing and Midwifery,Male,Podiatrists,
721,2013,Nursing and Midwifery,Male,Health professionals n.e.c.,
722,2013,Nursing and Midwifery,Male,Physiotherapists,
723,2013,Nursing and Midwifery,Male,Occupational therapists,
724,2013,Nursing and Midwifery,Male,Speech and language therapists,
725,2013,Nursing and Midwifery,Male,Therapy professionals n.e.c.,
731,2013,Nursing and Midwifery,Female,Skilled trades occupations,
740,2013,Nursing and Midwifery,Female,Psychologists,
741,2013,Nursing and Midwifery,Female,Pharmacists,
742,2013,Nursing and Midwifery,Female,Ophthalmic opticians,
743,2013,Nursing and Midwifery,Female,Dental practitioners,
744,2013,Nursing and Midwifery,Female,Veterinarians,
746,2013,Nursing and Midwifery,Female,Podiatrists,
751,2013,Nursing and Midwifery,Female,Therapy professionals n.e.c.,
757,2013,Nursing and Midwifery,All genders,Skilled trades occupations,
766,2013,Nursing and Midwifery,All genders,Psychologists,
767,2013,Nursing and Midwifery,All genders,Pharmacists,
768,2013,Nursing and Midwifery,All genders,Ophthalmic opticians,
769,2013,Nursing and Midwifery,All genders,Dental practitioners,
770,2013,Nursing and Midwifery,All genders,Veterinarians,
772,2013,Nursing and Midwifery,All genders,Podiatrists,
777,2013,Nursing and Midwifery,All genders,Therapy professionals n.e.c.,
780,2013,Medicine,Male,"Managers, directors and senior officials",
784,2013,Medicine,Male,"Caring, leisure and other service occupations",
785,2013,Medicine,Male,Sales and customer service occupations,
786,2013,Medicine,Male,"Process, plant and machine operatives",
787,2013,Medicine,Male,Elementary occupations,
790,2013,Medicine,Male,"Business, media and public service professionals",
792,2013,Medicine,Male,Psychologists,
793,2013,Medicine,Male,Pharmacists,
794,2013,Medicine,Male,Ophthalmic opticians,
795,2013,Medicine,Male,Dental practitioners,
796,2013,Medicine,Male,Veterinarians,
797,2013,Medicine,Male,Medical radiographers,
798,2013,Medicine,Male,Podiatrists,
799,2013,Medicine,Male,Health professionals n.e.c.,
800,2013,Medicine,Male,Physiotherapists,
801,2013,Medicine,Male,Occupational therapists,
802,2013,Medicine,Male,Speech and language therapists,
803,2013,Medicine,Male,Therapy professionals n.e.c.,
804,2013,Medicine,Male,Nurses and midwives,
809,2013,Medicine,Female,Skilled trades occupations,
811,2013,Medicine,Female,Sales and customer service occupations,
812,2013,Medicine,Female,"Process, plant and machine operatives",
813,2013,Medicine,Female,Elementary occupations,
818,2013,Medicine,Female,Psychologists,
819,2013,Medicine,Female,Pharmacists,
820,2013,Medicine,Female,Ophthalmic opticians,
821,2013,Medicine,Female,Dental practitioners,
822,2013,Medicine,Female,Veterinarians,
824,2013,Medicine,Female,Podiatrists,
825,2013,Medicine,Female,Health professionals n.e.c.,
826,2013,Medicine,Female,Physiotherapists,
827,2013,Medicine,Female,Occupational therapists,
828,2013,Medicine,Female,Speech and language therapists,
829,2013,Medicine,Female,Therapy professionals n.e.c.,
830,2013,Medicine,Female,Nurses and midwives,
837,2013,Medicine,All genders,Sales and customer service occupations,
838,2013,Medicine,All genders,"Process, plant and machine operatives",
839,2013,Medicine,All genders,Elementary occupations,
844,2013,Medicine,All genders,Psychologists,
845,2013,Medicine,All genders,Pharmacists,
846,2013,Medicine,All genders,Ophthalmic opticians,
847,2013,Medicine,All genders,Dental practitioners,
848,2013,Medicine,All genders,Veterinarians,
850,2013,Medicine,All genders,Podiatrists,
851,2013,Medicine,All genders,Health professionals n.e.c.,
852,2013,Medicine,All genders,Physiotherapists,
853,2013,Medicine,All genders,Occupational therapists,
854,2013,Medicine,All genders,Speech and language therapists,
855,2013,Medicine,All genders,Therapy professionals n.e.c.,
856,2013,Medicine,All genders,Nurses and midwives,
866,2013,Social Care,Male,"Science, research, engineering and technology professionals",
869,2013,Social Care,Male,Medical practitioners,
870,2013,Social Care,Male,Psychologists,
871,2013,Social Care,Male,Pharmacists,
872,2013,Social Care,Male,Ophthalmic opticians,
873,2013,Social Care,Male,Dental practitioners,
874,2013,Social Care,Male,Veterinarians,
875,2013,Social Care,Male,Medical radiographers,
876,2013,Social Care,Male,Podiatrists,
877,2013,Social Care,Male,Health professionals n.e.c.,
878,2013,Social Care,Male,Physiotherapists,
879,2013,Social Care,Male,Occupational therapists,
880,2013,Social Care,Male,Speech and language therapists,
882,2013,Social Care,Male,Nurses and midwives,
895,2013,Social Care,Female,Medical practitioners,
897,2013,Social Care,Female,Pharmacists,
899,2013,Social Care,Female,Dental practitioners,
900,2013,Social Care,Female,Veterinarians,
901,2013,Social Care,Female,Medical radiographers,
902,2013,Social Care,Female,Podiatrists,
903,2013,Social Care,Female,Health professionals n.e.c.,
904,2013,Social Care,Female,Physiotherapists,
906,2013,Social Care,Female,Speech and language therapists,
921,2013,Social Care,All genders,Medical practitioners,
923,2013,Social Care,All genders,Pharmacists,
925,2013,Social Care,All genders,Dental practitioners,
926,2013,Social Care,All genders,Veterinarians,
927,2013,Social Care,All genders,Medical radiographers,
928,2013,Social Care,All genders,Podiatrists,
929,2013,Social Care,All genders,Health professionals n.e.c.,
930,2013,Social Care,All genders,Physiotherapists,
932,2013,Social Care,All genders,Speech and language therapists,
939,2014,Nursing and Midwifery,Male,Skilled trades occupations,
940,2014,Nursing and Midwifery,Male,"Caring, leisure and other service occupations",
942,2014,Nursing and Midwifery,Male,"Process, plant and machine operatives",
943,2014,Nursing and Midwifery,Male,Elementary occupations,
944,2014,Nursing and Midwifery,Male,"Science, research, engineering and technology professionals",
945,2014,Nursing and Midwifery,Male,Teaching and educational professionals,
946,2014,Nursing and Midwifery,Male,"Business, media and public service professionals",
949,2014,Nursing and Midwifery,Male,Pharmacists,
950,2014,Nursing and Midwifery,Male,Ophthalmic opticians,
951,2014,Nursing and Midwifery,Male,Dental practitioners,
952,2014,Nursing and Midwifery,Male,Veterinarians,
953,2014,Nursing and Midwifery,Male,Medical radiographers,
954,2014,Nursing and Midwifery,Male,Podiatrists,
955,2014,Nursing and Midwifery,Male,Health professionals n.e.c.,
956,2014,Nursing and Midwifery,Male,Physiotherapists,
957,2014,Nursing and Midwifery,Male,Occupational therapists,
958,2014,Nursing and Midwifery,Male,Speech and language therapists,
959,2014,Nursing and Midwifery,Male,Therapy professionals n.e.c.,
975,2014,Nursing and Midwifery,Female,Pharmacists,
976,2014,Nursing and Midwifery,Female,Ophthalmic opticians,
977,2014,Nursing and Midwifery,Female,Dental practitioners,
978,2014,Nursing and Midwifery,Female,Veterinarians,
985,2014,Nursing and Midwifery,Female,Therapy professionals n.e.c.,
1001,2014,Nursing and Midwifery,All genders,Pharmacists,
1002,2014,Nursing and Midwifery,All genders,Ophthalmic opticians,
1003,2014,Nursing and Midwifery,All genders,Dental practitioners,
1004,2014,Nursing and Midwifery,All genders,Veterinarians,
1011,2014,Nursing and Midwifery,All genders,Therapy professionals n.e.c.,
1015,2014,Medicine,Male,Associate professional and technical occupations,
1016,2014,Medicine,Male,Administrative and secretarial occupations,
1017,2014,Medicine,Male,Skilled trades occupations,
1018,2014,Medicine,Male,"Caring, leisure and other service occupations",
1019,2014,Medicine,Male,Sales and customer service occupations,
1020,2014,Medicine,Male,"Process, plant and machine operatives",
1021,2014,Medicine,Male,Elementary occupations,
1026,2014,Medicine,Male,Psychologists,
1027,2014,Medicine,Male,Pharmacists,
1028,2014,Medicine,Male,Ophthalmic opticians,
1029,2014,Medicine,Male,Dental practitioners,
1030,2014,Medicine,Male,Veterinarians,
1031,2014,Medicine,Male,Medical radiographers,
1032,2014,Medicine,Male,Podiatrists,
1033,2014,Medicine,Male,Health professionals n.e.c.,
1034,2014,Medicine,Male,Physiotherapists,
1035,2014,Medicine,Male,Occupational therapists,
1036,2014,Medicine,Male,Speech and language therapists,
1037,2014,Medicine,Male,Therapy professionals n.e.c.,
1040,2014,Medicine,Female,"Managers, directors and senior officials",
1042,2014,Medicine,Female,Administrative and secretarial occupations,
1043,2014,Medicine,Female,Skilled trades occupations,
1044,2014,Medicine,Female,"Caring, leisure and other service occupations",
1045,2014,Medicine,Female,Sales and customer service occupations,
1046,2014,Medicine,Female,"Process, plant and machine operatives",
1047,2014,Medicine,Female,Elementary occupations,
1050,2014,Medicine,Female,"Business, media and public service professionals",
1052,2014,Medicine,Female,Psychologists,
1053,2014,Medicine,Female,Pharmacists,
1054,2014,Medicine,Female,Ophthalmic opticians,
1055,2014,Medicine,Female,Dental practitioners,
1056,2014,Medicine,Female,Veterinarians,
1057,2014,Medicine,Female,Medical radiographers,
1058,2014,Medicine,Female,Podiatrists,
1059,2014,Medicine,Female,Health professionals n.e.c.,
1060,2014,Medicine,Female,Physiotherapists,
1061,2014,Medicine,Female,Occupational therapists,
1062,2014,Medicine,Female,Speech and language therapists,
1063,2014,Medicine,Female,Therapy professionals n.e.c.,
1068,2014,Medicine,All genders,Administrative and secretarial occupations,
1069,2014,Medicine,All genders,Skilled trades occupations,
1070,2014,Medicine,All genders,"Caring, leisure and other service occupations",
1071,2014,Medicine,All genders,Sales and customer service occupations,
1072,2014,Medicine,All genders,"Process, plant and machine operatives",
1073,2014,Medicine,All genders,Elementary occupations,
1078,2014,Medicine,All genders,Psychologists,
1079,2014,Medicine,All genders,Pharmacists,
1080,2014,Medicine,All genders,Ophthalmic opticians,
1081,2014,Medicine,All genders,Dental practitioners,
1082,2014,Medicine,All genders,Veterinarians,
1083,2014,Medicine,All genders,Medical radiographers,
1084,2014,Medicine,All genders,Podiatrists,
1085,2014,Medicine,All genders,Health professionals n.e.c.,
1086,2014,Medicine,All genders,Physiotherapists,
1087,2014,Medicine,All genders,Occupational therapists,
1088,2014,Medicine,All genders,Speech and language therapists,
1089,2014,Medicine,All genders,Therapy professionals n.e.c.,
1103,2014,Social Care,Male,Medical practitioners,
1104,2014,Social Care,Male,Psychologists,
1105,2014,Social Care,Male,Pharmacists,
1106,2014,Social Care,Male,Ophthalmic opticians,
1107,2014,Social Care,Male,Dental practitioners,
1108,2014,Social Care,Male,Veterinarians,
1109,2014,Social Care,Male,Medical radiographers,
1110,2014,Social Care,Male,Podiatrists,
1111,2014,Social Care,Male,Health professionals n.e.c.,
1112,2014,Social Care,Male,Physiotherapists,
1113,2014,Social Care,Male,Occupational therapists,
1114,2014,Social Care,Male,Speech and language therapists,
1115,2014,Social Care,Male,Therapy professionals n.e.c.,
1129,2014,Social Care,Female,Medical practitioners,
1130,2014,Social Care,Female,Psychologists,
1131,2014,Social Care,Female,Pharmacists,
1132,2014,Social Care,Female,Ophthalmic opticians,
1133,2014,Social Care,Female,Dental practitioners,
1134,2014,Social Care,Female,Veterinarians,
1136,2014,Social Care,Female,Podiatrists,
1137,2014,Social Care,Female,Health professionals n.e.c.,
1138,2014,Social Care,Female,Physiotherapists,
1155,2014,Social Care,All genders,Medical practitioners,
1156,2014,Social Care,All genders,Psychologists,
1157,2014,Social Care,All genders,Pharmacists,
1158,2014,Social Care,All genders,Ophthalmic opticians,
1159,2014,Social Care,All genders,Dental practitioners,
1160,2014,Social Care,All genders,Veterinarians,
1162,2014,Social Care,All genders,Podiatrists,
1163,2014,Social Care,All genders,Health professionals n.e.c.,
1164,2014,Social Care,All genders,Physiotherapists,
1170,2015,Nursing and Midwifery,Male,"Managers, directors and senior officials",
1174,2015,Nursing and Midwifery,Male,"Caring, leisure and other service occupations",
1175,2015,Nursing and Midwifery,Male,Sales and customer service occupations,
1176,2015,Nursing and Midwifery,Male,"Process, plant and machine operatives",
1177,2015,Nursing and Midwifery,Male,Elementary occupations,
1179,2015,Nursing and Midwifery,Male,Teaching and educational professionals,
1180,2015,Nursing and Midwifery,Male,"Business, media and public service professionals",
1182,2015,Nursing and Midwifery,Male,Psychologists,
1183,2015,Nursing and Midwifery,Male,Pharmacists,
1184,2015,Nursing and Midwifery,Male,Ophthalmic opticians,
1185,2015,Nursing and Midwifery,Male,Dental practitioners,
1186,2015,Nursing and Midwifery,Male,Veterinarians,
1187,2015,Nursing and Midwifery,Male,Medical radiographers,
1188,2015,Nursing and Midwifery,Male,Podiatrists,
1189,2015,Nursing and Midwifery,Male,Health professionals n.e.c.,
1190,2015,Nursing and Midwifery,Male,Physiotherapists,
1191,2015,Nursing and Midwifery,Male,Occupational therapists,
1192,2015,Nursing and Midwifery,Male,Speech and language therapists,
1193,2015,Nursing and Midwifery,Male,Therapy professionals n.e.c.,
1203,2015,Nursing and Midwifery,Female,Elementary occupations,
1208,2015,Nursing and Midwifery,Female,Psychologists,
1210,2015,Nursing and Midwifery,Female,Ophthalmic opticians,
1211,2015,Nursing and Midwifery,Female,Dental practitioners,
1212,2015,Nursing and Midwifery,Female,Veterinarians,
1216,2015,Nursing and Midwifery,Female,Physiotherapists,
1217,2015,Nursing and Midwifery,Female,Occupational therapists,
1218,2015,Nursing and Midwifery,Female,Speech and language therapists,
1219,2015,Nursing and Midwifery,Female,Therapy professionals n.e.c.,
1229,2015,Nursing and Midwifery,All genders,Elementary occupations,
1234,2015,Nursing and Midwifery,All genders,Psychologists,
1236,2015,Nursing and Midwifery,All genders,Ophthalmic opticians,
1237,2015,Nursing and Midwifery,All genders,Dental practitioners,
1238,2015,Nursing and Midwifery,All genders,Veterinarians,
1242,2015,Nursing and Midwifery,All genders,Physiotherapists,
1243,2015,Nursing and Midwifery,All genders,Occupational therapists,
1244,2015,Nursing and Midwifery,All genders,Speech and language therapists,
1245,2015,Nursing and Midwifery,All genders,Therapy professionals n.e.c.,
1250,2015,Medicine,Male,Administrative and secretarial occupations,
1253,2015,Medicine,Male,Sales and customer service occupations,
1254,2015,Medicine,Male,"Process, plant and machine operatives",
1255,2015,Medicine,Male,Elementary occupations,
1260,2015,Medicine,Male,Psychologists,
1261,2015,Medicine,Male,Pharmacists,
1262,2015,Medicine,Male,Ophthalmic opticians,
1263,2015,Medicine,Male,Dental practitioners,
1264,2015,Medicine,Male,Veterinarians,
1265,2015,Medicine,Male,Medical radiographers,
1266,2015,Medicine,Male,Podiatrists,
1267,2015,Medicine,Male,Health professionals n.e.c.,
1268,2015,Medicine,Male,Physiotherapists,
1269,2015,Medicine,Male,Occupational therapists,
1270,2015,Medicine,Male,Speech and language therapists,
1271,2015,Medicine,Male,Therapy professionals n.e.c.,
1272,2015,Medicine,Male,Nurses and midwives,
1274,2015,Medicine,Female,"Managers, directors and senior officials",
1277,2015,Medicine,Female,Skilled trades occupations,
1278,2015,Medicine,Female,"Caring, leisure and other service occupations",
1279,2015,Medicine,Female,Sales and customer service occupations,
1280,2015,Medicine,Female,"Process, plant and machine operatives",
1281,2015,Medicine,Female,Elementary occupations,
1282,2015,Medicine,Female,"Science, research, engineering and technology professionals",
1286,2015,Medicine,Female,Psychologists,
1287,2015,Medicine,Female,Pharmacists,
1288,2015,Medicine,Female,Ophthalmic opticians,
1289,2015,Medicine,Female,Dental practitioners,
1290,2015,Medicine,Female,Veterinarians,
1291,2015,Medicine,Female,Medical radiographers,
1292,2015,Medicine,Female,Podiatrists,
1293,2015,Medicine,Female,Health professionals n.e.c.,
1294,2015,Medicine,Female,Physiotherapists,
1295,2015,Medicine,Female,Occupational therapists,
1296,2015,Medicine,Female,Speech and language therapists,
1297,2015,Medicine,Female,Therapy professionals n.e.c.,
1305,2015,Medicine,All genders,Sales and customer service occupations,
1306,2015,Medicine,All genders,"Process, plant and machine operatives",
1307,2015,Medicine,All genders,Elementary occupations,
1312,2015,Medicine,All genders,Psychologists,
1313,2015,Medicine,All genders,Pharmacists,
1314,2015,Medicine,All genders,Ophthalmic opticians,
1315,2015,Medicine,All genders,Dental practitioners,
1316,2015,Medicine,All genders,Veterinarians,
1317,2015,Medicine,All genders,Medical radiographers,
1318,2015,Medicine,All genders,Podiatrists,
1319,2015,Medicine,All genders,Health professionals n.e.c.,
1320,2015,Medicine,All genders,Physiotherapists,
1321,2015,Medicine,All genders,Occupational therapists,
1322,2015,Medicine,All genders,Speech and language therapists,
1323,2015,Medicine,All genders,Therapy professionals n.e.c.,
1334,2015,Social Care,Male,"Science, research, engineering and technology professionals",
1337,2015,Social Care,Male,Medical practitioners,
1338,2015,Social Care,Male,Psychologists,
1339,2015,Social Care,Male,Pharmacists,
1340,2015,Social Care,Male,Ophthalmic opticians,
1341,2015,Social Care,Male,Dental practitioners,
1342,2015,Social Care,Male,Veterinarians,
1343,2015,Social Care,Male,Medical radiographers,
1344,2015,Social Care,Male,Podiatrists,
1346,2015,Social Care,Male,Physiotherapists,
1347,2015,Social Care,Male,Occupational therapists,
1348,2015,Social Care,Male,Speech and language therapists,
1349,2015,Social Care,Male,Therapy professionals n.e.c.,
1350,2015,Social Care,Male,Nurses and midwives,
1364,2015,Social Care,Female,Psychologists,
1365,2015,Social Care,Female,Pharmacists,
1366,2015,Social Care,Female,Ophthalmic opticians,
1367,2015,Social Care,Female,Dental practitioners,
1368,2015,Social Care,Female,Veterinarians,
1369,2015,Social Care,Female,Medical radiographers,
1370,2015,Social Care,Female,Podiatrists,
1371,2015,Social Care,Female,Health professionals n.e.c.,
1372,2015,Social Care,Female,Physiotherapists,
1374,2015,Social Care,Female,Speech and language therapists,
1390,2015,Social Care,All genders,Psychologists,
1391,2015,Social Care,All genders,Pharmacists,
1392,2015,Social Care,All genders,Ophthalmic opticians,
1393,2015,Social Care,All genders,Dental practitioners,
1394,2015,Social Care,All genders,Veterinarians,
1395,2015,Social Care,All genders,Medical radiographers,
1396,2015,Social Care,All genders,Podiatrists,
1398,2015,Social Care,All genders,Physiotherapists,
1400,2015,Social Care,All genders,Speech and language therapists,
1408,2016,Nursing and Midwifery,Male,"Caring, leisure and other service occupations",
1409,2016,Nursing and Midwifery,Male,Sales and customer service occupations,
1410,2016,Nursing and Midwifery,Male,"Process, plant and machine operatives",
1411,2016,Nursing and Midwifery,Male,Elementary occupations,
1412,2016,Nursing and Midwifery,Male,"Science, research, engineering and technology professionals",
1413,2016,Nursing and Midwifery,Male,Teaching and educational professionals,
1414,2016,Nursing and Midwifery,Male,"Business, media and public service professionals",
1415,2016,Nursing and Midwifery,Male,Medical practitioners,
1416,2016,Nursing and Midwifery,Male,Psychologists,
1417,2016,Nursing and Midwifery,Male,Pharmacists,
1418,2016,Nursing and Midwifery,Male,Ophthalmic opticians,
1419,2016,Nursing and Midwifery,Male,Dental practitioners,
1420,2016,Nursing and Midwifery,Male,Veterinarians,
1421,2016,Nursing and Midwifery,Male,Medical radiographers,
1422,2016,Nursing and Midwifery,Male,Podiatrists,
1423,2016,Nursing and Midwifery,Male,Health professionals n.e.c.,
1424,2016,Nursing and Midwifery,Male,Physiotherapists,
1425,2016,Nursing and Midwifery,Male,Occupational therapists,
1426,2016,Nursing and Midwifery,Male,Speech and language therapists,
1427,2016,Nursing and Midwifery,Male,Therapy professionals n.e.c.,
1437,2016,Nursing and Midwifery,Female,Elementary occupations,
1442,2016,Nursing and Midwifery,Female,Psychologists,
1443,2016,Nursing and Midwifery,Female,Pharmacists,
1444,2016,Nursing and Midwifery,Female,Ophthalmic opticians,
1445,2016,Nursing and Midwifery,Female,Dental practitioners,
1446,2016,Nursing and Midwifery,Female,Veterinarians,
1448,2016,Nursing and Midwifery,Female,Podiatrists,
1449,2016,Nursing and Midwifery,Female,Health professionals n.e.c.,
1451,2016,Nursing and Midwifery,Female,Occupational therapists,
1453,2016,Nursing and Midwifery,Female,Therapy professionals n.e.c.,
1463,2016,Nursing and Midwifery,All genders,Elementary occupations,
1468,2016,Nursing and Midwifery,All genders,Psychologists,
1469,2016,Nursing and Midwifery,All genders,Pharmacists,
1470,2016,Nursing and Midwifery,All genders,Ophthalmic opticians,
1471,2016,Nursing and Midwifery,All genders,Dental practitioners,
1472,2016,Nursing and Midwifery,All genders,Veterinarians,
1474,2016,Nursing and Midwifery,All genders,Podiatrists,
1475,2016,Nursing and Midwifery,All genders,Health professionals n.e.c.,
1477,2016,Nursing and Midwifery,All genders,Occupational therapists,
1479,2016,Nursing and Midwifery,All genders,Therapy professionals n.e.c.,
1482,2016,Medicine,Male,"Managers, directors and senior officials",
1485,2016,Medicine,Male,Skilled trades occupations,
1486,2016,Medicine,Male,"Caring, leisure and other service occupations",
1487,2016,Medicine,Male,Sales and customer service occupations,
1488,2016,Medicine,Male,"Process, plant and machine operatives",
1489,2016,Medicine,Male,Elementary occupations,
1490,2016,Medicine,Male,"Science, research, engineering and technology professionals",
1492,2016,Medicine,Male,"Business, media and public service professionals",
1494,2016,Medicine,Male,Psychologists,
1495,2016,Medicine,Male,Pharmacists,
1497,2016,Medicine,Male,Dental practitioners,
1498,2016,Medicine,Male,Veterinarians,
1499,2016,Medicine,Male,Medical radiographers,
1500,2016,Medicine,Male,Podiatrists,
1501,2016,Medicine,Male,Health professionals n.e.c.,
1502,2016,Medicine,Male,Physiotherapists,
1503,2016,Medicine,Male,Occupational therapists,
1504,2016,Medicine,Male,Speech and language therapists,
1505,2016,Medicine,Male,Therapy professionals n.e.c.,
1506,2016,Medicine,Male,Nurses and midwives,
1511,2016,Medicine,Female,Skilled trades occupations,
1512,2016,Medicine,Female,"Caring, leisure and other service occupations",
1513,2016,Medicine,Female,Sales and customer service occupations,
1514,2016,Medicine,Female,"Process, plant and machine operatives",
1515,2016,Medicine,Female,Elementary occupations,
1520,2016,Medicine,Female,Psychologists,
1521,2016,Medicine,Female,Pharmacists,
1522,2016,Medicine,Female,Ophthalmic opticians,
1523,2016,Medicine,Female,Dental practitioners,
1524,2016,Medicine,Female,Veterinarians,
1525,2016,Medicine,Female,Medical radiographers,
1526,2016,Medicine,Female,Podiatrists,
1527,2016,Medicine,Female,Health professionals n.e.c.,
1528,2016,Medicine,Female,Physiotherapists,
1529,2016,Medicine,Female,Occupational therapists,
1530,2016,Medicine,Female,Speech and language therapists,
1531,2016,Medicine,Female,Therapy professionals n.e.c.,
1532,2016,Medicine,Female,Nurses and midwives,
1537,2016,Medicine,All genders,Skilled trades occupations,
1538,2016,Medicine,All genders,"Caring, leisure and other service occupations",
1539,2016,Medicine,All genders,Sales and customer service occupations,
1540,2016,Medicine,All genders,"Process, plant and machine operatives",
1541,2016,Medicine,All genders,Elementary occupations,
1546,2016,Medicine,All genders,Psychologists,
1547,2016,Medicine,All genders,Pharmacists,
1549,2016,Medicine,All genders,Dental practitioners,
1550,2016,Medicine,All genders,Veterinarians,
1551,2016,Medicine,All genders,Medical radiographers,
1552,2016,Medicine,All genders,Podiatrists,
1553,2016,Medicine,All genders,Health professionals n.e.c.,
1554,2016,Medicine,All genders,Physiotherapists,
1555,2016,Medicine,All genders,Occupational therapists,
1556,2016,Medicine,All genders,Speech and language therapists,
1557,2016,Medicine,All genders,Therapy professionals n.e.c.,
1558,2016,Medicine,All genders,Nurses and midwives,
1571,2016,Social Care,Male,Medical practitioners,
1572,2016,Social Care,Male,Psychologists,
1573,2016,Social Care,Male,Pharmacists,
1574,2016,Social Care,Male,Ophthalmic opticians,
1575,2016,Social Care,Male,Dental practitioners,
1576,2016,Social Care,Male,Veterinarians,
1577,2016,Social Care,Male,Medical radiographers,
1578,2016,Social Care,Male,Podiatrists,
1579,2016,Social Care,Male,Health professionals n.e.c.,
1580,2016,Social Care,Male,Physiotherapists,
1581,2016,Social Care,Male,Occupational therapists,
1582,2016,Social Care,Male,Speech and language therapists,
1583,2016,Social Care,Male,Therapy professionals n.e.c.,
1584,2016,Social Care,Male,Nurses and midwives,
1594,2016,Social Care,Female,"Science, research, engineering and technology professionals",
1597,2016,Social Care,Female,Medical practitioners,
1599,2016,Social Care,Female,Pharmacists,
1600,2016,Social Care,Female,Ophthalmic opticians,
1601,2016,Social Care,Female,Dental practitioners,
1602,2016,Social Care,Female,Veterinarians,
1603,2016,Social Care,Female,Medical radiographers,
1604,2016,Social Care,Female,Podiatrists,
1623,2016,Social Care,All genders,Medical practitioners,
1625,2016,Social Care,All genders,Pharmacists,
1626,2016,Social Care,All genders,Ophthalmic opticians,
1627,2016,Social Care,All genders,Dental practitioners,
1628,2016,Social Care,All genders,Veterinarians,
1629,2016,Social Care,All genders,Medical radiographers,
1630,2016,Social Care,All genders,Podiatrists,
1639,2017,Nursing and Midwifery,Male,Associate professional and technical occupations,
1640,2017,Nursing and Midwifery,Male,Administrative and secretarial occupations,
1641,2017,Nursing and Midwifery,Male,Skilled trades occupations,
1642,2017,Nursing and Midwifery,Male,"Caring, leisure and other service occupations",
1644,2017,Nursing and Midwifery,Male,"Process, plant and machine operatives",
1645,2017,Nursing and Midwifery,Male,Elementary occupations,
1646,2017,Nursing and Midwifery,Male,"Science, research, engineering and technology professionals",
1647,2017,Nursing and Midwifery,Male,Teaching and educational professionals,
1649,2017,Nursing and Midwifery,Male,Medical practitioners,
1650,2017,Nursing and Midwifery,Male,Psychologists,
1651,2017,Nursing and Midwifery,Male,Pharmacists,
1652,2017,Nursing and Midwifery,Male,Ophthalmic opticians,
1653,2017,Nursing and Midwifery,Male,Dental practitioners,
1654,2017,Nursing and Midwifery,Male,Veterinarians,
1655,2017,Nursing and Midwifery,Male,Medical radiographers,
1656,2017,Nursing and Midwifery,Male,Podiatrists,
1657,2017,Nursing and Midwifery,Male,Health professionals n.e.c.,
1658,2017,Nursing and Midwifery,Male,Physiotherapists,
1659,2017,Nursing and Midwifery,Male,Occupational therapists,
1660,2017,Nursing and Midwifery,Male,Speech and language therapists,
1661,2017,Nursing and Midwifery,Male,Therapy professionals n.e.c.,
1669,2017,Nursing and Midwifery,Female,Sales and customer service occupations,
1675,2017,Nursing and Midwifery,Female,Medical practitioners,
1676,2017,Nursing and Midwifery,Female,Psychologists,
1677,2017,Nursing and Midwifery,Female,Pharmacists,
1678,2017,Nursing and Midwifery,Female,Ophthalmic opticians,
1679,2017,Nursing and Midwifery,Female,Dental practitioners,
1680,2017,Nursing and Midwifery,Female,Veterinarians,
1682,2017,Nursing and Midwifery,Female,Podiatrists,
1683,2017,Nursing and Midwifery,Female,Health professionals n.e.c.,
1684,2017,Nursing and Midwifery,Female,Physiotherapists,
1686,2017,Nursing and Midwifery,Female,Speech and language therapists,
1687,2017,Nursing and Midwifery,Female,Therapy professionals n.e.c.,
1701,2017,Nursing and Midwifery,All genders,Medical practitioners,
1702,2017,Nursing and Midwifery,All genders,Psychologists,
1703,2017,Nursing and Midwifery,All genders,Pharmacists,
1704,2017,Nursing and Midwifery,All genders,Ophthalmic opticians,
1705,2017,Nursing and Midwifery,All genders,Dental practitioners,
1706,2017,Nursing and Midwifery,All genders,Veterinarians,
1708,2017,Nursing and Midwifery,All genders,Podiatrists,
1709,2017,Nursing and Midwifery,All genders,Health professionals n.e.c.,
1710,2017,Nursing and Midwifery,All genders,Physiotherapists,
1712,2017,Nursing and Midwifery,All genders,Speech and language therapists,
1713,2017,Nursing and Midwifery,All genders,Therapy professionals n.e.c.,
1718,2017,Medicine,Male,Administrative and secretarial occupations,
1719,2017,Medicine,Male,Skilled trades occupations,
1720,2017,Medicine,Male,"Caring, leisure and other service occupations",
1721,2017,Medicine,Male,Sales and customer service occupations,
1722,2017,Medicine,Male,"Process, plant and machine operatives",
1723,2017,Medicine,Male,Elementary occupations,
1725,2017,Medicine,Male,Teaching and educational professionals,
1728,2017,Medicine,Male,Psychologists,
1729,2017,Medicine,Male,Pharmacists,
1730,2017,Medicine,Male,Ophthalmic opticians,
1731,2017,Medicine,Male,Dental practitioners,
1732,2017,Medicine,Male,Veterinarians,
1733,2017,Medicine,Male,Medical radiographers,
1734,2017,Medicine,Male,Podiatrists,
1735,2017,Medicine,Male,Health professionals n.e.c.,
1736,2017,Medicine,Male,Physiotherapists,
1737,2017,Medicine,Male,Occupational therapists,
1738,2017,Medicine,Male,Speech and language therapists,
1739,2017,Medicine,Male,Therapy professionals n.e.c.,
1745,2017,Medicine,Female,Skilled trades occupations,
1746,2017,Medicine,Female,"Caring, leisure and other service occupations",
1747,2017,Medicine,Female,Sales and customer service occupations,
1749,2017,Medicine,Female,Elementary occupations,
1751,2017,Medicine,Female,Teaching and educational professionals,
1754,2017,Medicine,Female,Psychologists,
1755,2017,Medicine,Female,Pharmacists,
1756,2017,Medicine,Female,Ophthalmic opticians,
1757,2017,Medicine,Female,Dental practitioners,
1758,2017,Medicine,Female,Veterinarians,
1759,2017,Medicine,Female,Medical radiographers,
1760,2017,Medicine,Female,Podiatrists,
1761,2017,Medicine,Female,Health professionals n.e.c.,
1762,2017,Medicine,Female,Physiotherapists,
1763,2017,Medicine,Female,Occupational therapists,
1764,2017,Medicine,Female,Speech and language therapists,
1765,2017,Medicine,Female,Therapy professionals n.e.c.,
1771,2017,Medicine,All genders,Skilled trades occupations,
1772,2017,Medicine,All genders,"Caring, leisure and other service occupations",
1773,2017,Medicine,All genders,Sales and customer service occupations,
1775,2017,Medicine,All genders,Elementary occupations,
1777,2017,Medicine,All genders,Teaching and educational professionals,
1780,2017,Medicine,All genders,Psychologists,
1781,2017,Medicine,All genders,Pharmacists,
1782,2017,Medicine,All genders,Ophthalmic opticians,
1783,2017,Medicine,All genders,Dental practitioners,
1784,2017,Medicine,All genders,Veterinarians,
1785,2017,Medicine,All genders,Medical radiographers,
1786,2017,Medicine,All genders,Podiatrists,
1787,2017,Medicine,All genders,Health professionals n.e.c.,
1788,2017,Medicine,All genders,Physiotherapists,
1789,2017,Medicine,All genders,Occupational therapists,
1790,2017,Medicine,All genders,Speech and language therapists,
1791,2017,Medicine,All genders,Therapy professionals n.e.c.,
1802,2017,Social Care,Male,"Science, research, engineering and technology professionals",
1806,2017,Social Care,Male,Psychologists,
1807,2017,Social Care,Male,Pharmacists,
1808,2017,Social Care,Male,Ophthalmic opticians,
1809,2017,Social Care,Male,Dental practitioners,
1810,2017,Social Care,Male,Veterinarians,
1811,2017,Social Care,Male,Medical radiographers,
1812,2017,Social Care,Male,Podiatrists,
1813,2017,Social Care,Male,Health professionals n.e.c.,
1814,2017,Social Care,Male,Physiotherapists,
1815,2017,Social Care,Male,Occupational therapists,
1816,2017,Social Care,Male,Speech and language therapists,
1817,2017,Social Care,Male,Therapy professionals n.e.c.,
1818,2017,Social Care,Male,Nurses and midwives,
1823,2017,Social Care,Female,Skilled trades occupations,
1831,2017,Social Care,Female,Medical practitioners,
1832,2017,Social Care,Female,Psychologists,
1833,2017,Social Care,Female,Pharmacists,
1834,2017,Social Care,Female,Ophthalmic opticians,
1835,2017,Social Care,Female,Dental practitioners,
1836,2017,Social Care,Female,Veterinarians,
1837,2017,Social Care,Female,Medical radiographers,
1838,2017,Social Care,Female,Podiatrists,
1840,2017,Social Care,Female,Physiotherapists,
1842,2017,Social Care,Female,Speech and language therapists,
1858,2017,Social Care,All genders,Psychologists,
1859,2017,Social Care,All genders,Pharmacists,
1860,2017,Social Care,All genders,Ophthalmic opticians,
1861,2017,Social Care,All genders,Dental practitioners,
1862,2017,Social Care,All genders,Veterinarians,
1863,2017,Social Care,All genders,Medical radiographers,
1864,2017,Social Care,All genders,Podiatrists,
1866,2017,Social Care,All genders,Physiotherapists,
1868,2017,Social Care,All genders,Speech and language therapists,
1872,2018,Nursing and Midwifery,Male,"Managers, directors and senior officials",
1874,2018,Nursing and Midwifery,Male,Administrative and secretarial occupations,
1875,2018,Nursing and Midwifery,Male,Skilled trades occupations,
1876,2018,Nursing and Midwifery,Male,"Caring, leisure and other service occupations",
1877,2018,Nursing and Midwifery,Male,Sales and customer service occupations,
1879,2018,Nursing and Midwifery,Male,Elementary occupations,
1880,2018,Nursing and Midwifery,Male,"Science, research, engineering and technology professionals",
1881,2018,Nursing and Midwifery,Male,Teaching and educational professionals,
1882,2018,Nursing and Midwifery,Male,"Business, media and public service professionals",
1883,2018,Nursing and Midwifery,Male,Medical practitioners,
1884,2018,Nursing and Midwifery,Male,Psychologists,
1885,2018,Nursing and Midwifery,Male,Pharmacists,
1886,2018,Nursing and Midwifery,Male,Ophthalmic opticians,
1887,2018,Nursing and Midwifery,Male,Dental practitioners,
1888,2018,Nursing and Midwifery,Male,Veterinarians,
1889,2018,Nursing and Midwifery,Male,Medical radiographers,
1890,2018,Nursing and Midwifery,Male,Podiatrists,
1891,2018,Nursing and Midwifery,Male,Health professionals n.e.c.,
1892,2018,Nursing and Midwifery,Male,Physiotherapists,
1893,2018,Nursing and Midwifery,Male,Occupational therapists,
1894,2018,Nursing and Midwifery,Male,Speech and language therapists,
1895,2018,Nursing and Midwifery,Male,Therapy professionals n.e.c.,
1901,2018,Nursing and Midwifery,Female,Skilled trades occupations,
1904,2018,Nursing and Midwifery,Female,"Process, plant and machine operatives",
1910,2018,Nursing and Midwifery,Female,Psychologists,
1912,2018,Nursing and Midwifery,Female,Ophthalmic opticians,
1913,2018,Nursing and Midwifery,Female,Dental practitioners,
1914,2018,Nursing and Midwifery,Female,Veterinarians,
1915,2018,Nursing and Midwifery,Female,Medical radiographers,
1916,2018,Nursing and Midwifery,Female,Podiatrists,
1918,2018,Nursing and Midwifery,Female,Physiotherapists,
1919,2018,Nursing and Midwifery,Female,Occupational therapists,
1920,2018,Nursing and Midwifery,Female,Speech and language therapists,
1921,2018,Nursing and Midwifery,Female,Therapy professionals n.e.c.,
1927,2018,Nursing and Midwifery,All genders,Skilled trades occupations,
1936,2018,Nursing and Midwifery,All genders,Psychologists,
1938,2018,Nursing and Midwifery,All genders,Ophthalmic opticians,
1939,2018,Nursing and Midwifery,All genders,Dental practitioners,
1940,2018,Nursing and Midwifery,All genders,Veterinarians,
1941,2018,Nursing and Midwifery,All genders,Medical radiographers,
1942,2018,Nursing and Midwifery,All genders,Podiatrists,
1944,2018,Nursing and Midwifery,All genders,Physiotherapists,
1945,2018,Nursing and Midwifery,All genders,Occupational therapists,
1946,2018,Nursing and Midwifery,All genders,Speech and language therapists,
1947,2018,Nursing and Midwifery,All genders,Therapy professionals n.e.c.,
1950,2018,Medicine,Male,"Managers, directors and senior officials",
1952,2018,Medicine,Male,Administrative and secretarial occupations,
1953,2018,Medicine,Male,Skilled trades occupations,
1954,2018,Medicine,Male,"Caring, leisure and other service occupations",
1955,2018,Medicine,Male,Sales and customer service occupations,
1956,2018,Medicine,Male,"Process, plant and machine operatives",
1957,2018,Medicine,Male,Elementary occupations,
1958,2018,Medicine,Male,"Science, research, engineering and technology professionals",
1962,2018,Medicine,Male,Psychologists,
1963,2018,Medicine,Male,Pharmacists,
1964,2018,Medicine,Male,Ophthalmic opticians,
1965,2018,Medicine,Male,Dental practitioners,
1966,2018,Medicine,Male,Veterinarians,
1967,2018,Medicine,Male,Medical radiographers,
1968,2018,Medicine,Male,Podiatrists,
1970,2018,Medicine,Male,Physiotherapists,
1971,2018,Medicine,Male,Occupational therapists,
1972,2018,Medicine,Male,Speech and language therapists,
1973,2018,Medicine,Male,Therapy professionals n.e.c.,
1974,2018,Medicine,Male,Nurses and midwives,
1976,2018,Medicine,Female,"Managers, directors and senior officials",
1977,2018,Medicine,Female,Associate professional and technical occupations,
1978,2018,Medicine,Female,Administrative and secretarial occupations,
1979,2018,Medicine,Female,Skilled trades occupations,
1980,2018,Medicine,Female,"Caring, leisure and other service occupations",
1981,2018,Medicine,Female,Sales and customer service occupations,
1982,2018,Medicine,Female,"Process, plant and machine operatives",
1983,2018,Medicine,Female,Elementary occupations,
1985,2018,Medicine,Female,Teaching and educational professionals,
1986,2018,Medicine,Female,"Business, media and public service professionals",
1988,2018,Medicine,Female,Psychologists,
1989,2018,Medicine,Female,Pharmacists,
1990,2018,Medicine,Female,Ophthalmic opticians,
1991,2018,Medicine,Female,Dental practitioners,
1992,2018,Medicine,Female,Veterinarians,
1993,2018,Medicine,Female,Medical radiographers,
1994,2018,Medicine,Female,Podiatrists,
1995,2018,Medicine,Female,Health professionals n.e.c.,
1996,2018,Medicine,Female,Physiotherapists,
1997,2018,Medicine,Female,Occupational therapists,
1998,2018,Medicine,Female,Speech and language therapists,
1999,2018,Medicine,Female,Therapy professionals n.e.c.,
2000,2018,Medicine,Female,Nurses and midwives,
2002,2018,Medicine,All genders,"Managers, directors and senior officials",
2004,2018,Medicine,All genders,Administrative and secretarial occupations,
2005,2018,Medicine,All genders,Skilled trades occupations,
2006,2018,Medicine,All genders,"Caring, leisure and other service occupations",
2007,2018,Medicine,All genders,Sales and customer service occupations,
2008,2018,Medicine,All genders,"Process, plant and machine operatives",
2009,2018,Medicine,All genders,Elementary occupations,
2014,2018,Medicine,All genders,Psychologists,
2015,2018,Medicine,All genders,Pharmacists,
2016,2018,Medicine,All genders,Ophthalmic opticians,
2017,2018,Medicine,All genders,Dental practitioners,
2018,2018,Medicine,All genders,Veterinarians,
2019,2018,Medicine,All genders,Medical radiographers,
2020,2018,Medicine,All genders,Podiatrists,
2022,2018,Medicine,All genders,Physiotherapists,
2023,2018,Medicine,All genders,Occupational therapists,
2024,2018,Medicine,All genders,Speech and language therapists,
2025,2018,Medicine,All genders,Therapy professionals n.e.c.,
2026,2018,Medicine,All genders,Nurses and midwives,
2036,2018,Social Care,Male,"Science, research, engineering and technology professionals",
2039,2018,Social Care,Male,Medical practitioners,
2040,2018,Social Care,Male,Psychologists,
2041,2018,Social Care,Male,Pharmacists,
2042,2018,Social Care,Male,Ophthalmic opticians,
2043,2018,Social Care,Male,Dental practitioners,
2044,2018,Social Care,Male,Veterinarians,
2045,2018,Social Care,Male,Medical radiographers,
2046,2018,Social Care,Male,Podiatrists,
2047,2018,Social Care,Male,Health professionals n.e.c.,
2048,2018,Social Care,Male,Physiotherapists,
2049,2018,Social Care,Male,Occupational therapists,
2050,2018,Social Care,Male,Speech and language therapists,
2051,2018,Social Care,Male,Therapy professionals n.e.c.,
2057,2018,Social Care,Female,Skilled trades occupations,
2066,2018,Social Care,Female,Psychologists,
2067,2018,Social Care,Female,Pharmacists,
2068,2018,Social Care,Female,Ophthalmic opticians,
2069,2018,Social Care,Female,Dental practitioners,
2070,2018,Social Care,Female,Veterinarians,
2071,2018,Social Care,Female,Medical radiographers,
2072,2018,Social Care,Female,Podiatrists,
2073,2018,Social Care,Female,Health professionals n.e.c.,
2074,2018,Social Care,Female,Physiotherapists,
2075,2018,Social Care,Female,Occupational therapists,
2076,2018,Social Care,Female,Speech and language therapists,
2077,2018,Social Care,Female,Therapy professionals n.e.c.,
2092,2018,Social Care,All genders,Psychologists,
2093,2018,Social Care,All genders,Pharmacists,
2094,2018,Social Care,All genders,Ophthalmic opticians,
2095,2018,Social Care,All genders,Dental practitioners,
2096,2018,Social Care,All genders,Veterinarians,
2097,2018,Social Care,All genders,Medical radiographers,
2098,2018,Social Care,All genders,Podiatrists,
2099,2018,Social Care,All genders,Health professionals n.e.c.,
2100,2018,Social Care,All genders,Physiotherapists,
2101,2018,Social Care,All genders,Occupational therapists,
2102,2018,Social Care,All genders,Speech and language therapists,
2103,2018,Social Care,All genders,Therapy professionals n.e.c.,
2106,2019,Nursing and Midwifery,Male,"Managers, directors and senior officials",
2107,2019,Nursing and Midwifery,Male,Associate professional and technical occupations,
2108,2019,Nursing and Midwifery,Male,Administrative and secretarial occupations,
2109,2019,Nursing and Midwifery,Male,Skilled trades occupations,
2111,2019,Nursing and Midwifery,Male,Sales and customer service occupations,
2112,2019,Nursing and Midwifery,Male,"Process, plant and machine operatives",
2114,2019,Nursing and Midwifery,Male,"Science, research, engineering and technology professionals",
2115,2019,Nursing and Midwifery,Male,Teaching and educational professionals,
2116,2019,Nursing and Midwifery,Male,"Business, media and public service professionals",
2117,2019,Nursing and Midwifery,Male,Medical practitioners,
2118,2019,Nursing and Midwifery,Male,Psychologists,
2119,2019,Nursing and Midwifery,Male,Pharmacists,
2120,2019,Nursing and Midwifery,Male,Ophthalmic opticians,
2121,2019,Nursing and Midwifery,Male,Dental practitioners,
2122,2019,Nursing and Midwifery,Male,Veterinarians,
2123,2019,Nursing and Midwifery,Male,Medical radiographers,
2124,2019,Nursing and Midwifery,Male,Podiatrists,
2125,2019,Nursing and Midwifery,Male,Health professionals n.e.c.,
2126,2019,Nursing and Midwifery,Male,Physiotherapists,
2127,2019,Nursing and Midwifery,Male,Occupational therapists,
2128,2019,Nursing and Midwifery,Male,Speech and language therapists,
2129,2019,Nursing and Midwifery,Male,Therapy professionals n.e.c.,
2132,2019,Nursing and Midwifery,Female,"Managers, directors and senior officials",
2139,2019,Nursing and Midwifery,Female,Elementary occupations,
2140,2019,Nursing and Midwifery,Female,"Science, research, engineering and technology professionals",
2143,2019,Nursing and Midwifery,Female,Medical practitioners,
2144,2019,Nursing and Midwifery,Female,Psychologists,
2145,2019,Nursing and Midwifery,Female,Pharmacists,
2146,2019,Nursing and Midwifery,Female,Ophthalmic opticians,
2147,2019,Nursing and Midwifery,Female,Dental practitioners,
2148,2019,Nursing and Midwifery,Female,Veterinarians,
2150,2019,Nursing and Midwifery,Female,Podiatrists,
2151,2019,Nursing and Midwifery,Female,Health professionals n.e.c.,
2152,2019,Nursing and Midwifery,Female,Physiotherapists,
2153,2019,Nursing and Midwifery,Female,Occupational therapists,
2154,2019,Nursing and Midwifery,Female,Speech and language therapists,
2155,2019,Nursing and Midwifery,Female,Therapy professionals n.e.c.,
2158,2019,Nursing and Midwifery,All genders,"Managers, directors and senior officials",
2166,2019,Nursing and Midwifery,All genders,"Science, research, engineering and technology professionals",
2169,2019,Nursing and Midwifery,All genders,Medical practitioners,
2170,2019,Nursing and Midwifery,All genders,Psychologists,
2171,2019,Nursing and Midwifery,All genders,Pharmacists,
2172,2019,Nursing and Midwifery,All genders,Ophthalmic opticians,
2173,2019,Nursing and Midwifery,All genders,Dental practitioners,
2174,2019,Nursing and Midwifery,All genders,Veterinarians,
2176,2019,Nursing and Midwifery,All genders,Podiatrists,
2177,2019,Nursing and Midwifery,All genders,Health professionals n.e.c.,
2178,2019,Nursing and Midwifery,All genders,Physiotherapists,
2179,2019,Nursing and Midwifery,All genders,Occupational therapists,
2180,2019,Nursing and Midwifery,All genders,Speech and language therapists,
2181,2019,Nursing and Midwifery,All genders,Therapy professionals n.e.c.,
2184,2019,Medicine,Male,"Managers, directors and senior officials",
2186,2019,Medicine,Male,Administrative and secretarial occupations,
2187,2019,Medicine,Male,Skilled trades occupations,
2189,2019,Medicine,Male,Sales and customer service occupations,
2190,2019,Medicine,Male,"Process, plant and machine operatives",
2191,2019,Medicine,Male,Elementary occupations,
2193,2019,Medicine,Male,Teaching and educational professionals,
2196,2019,Medicine,Male,Psychologists,
2197,2019,Medicine,Male,Pharmacists,
2198,2019,Medicine,Male,Ophthalmic opticians,
2199,2019,Medicine,Male,Dental practitioners,
2200,2019,Medicine,Male,Veterinarians,
2201,2019,Medicine,Male,Medical radiographers,
2202,2019,Medicine,Male,Podiatrists,
2203,2019,Medicine,Male,Health professionals n.e.c.,
2204,2019,Medicine,Male,Physiotherapists,
2205,2019,Medicine,Male,Occupational therapists,
2206,2019,Medicine,Male,Speech and language therapists,
2207,2019,Medicine,Male,Therapy professionals n.e.c.,
2208,2019,Medicine,Male,Nurses and midwives,
2211,2019,Medicine,Female,Associate professional and technical occupations,
2212,2019,Medicine,Female,Administrative and secretarial occupations,
2213,2019,Medicine,Female,Skilled trades occupations,
2215,2019,Medicine,Female,Sales and customer service occupations,
2217,2019,Medicine,Female,Elementary occupations,
2222,2019,Medicine,Female,Psychologists,
2223,2019,Medicine,Female,Pharmacists,
2224,2019,Medicine,Female,Ophthalmic opticians,
2225,2019,Medicine,Female,Dental practitioners,
2226,2019,Medicine,Female,Veterinarians,
2227,2019,Medicine,Female,Medical radiographers,
2228,2019,Medicine,Female,Podiatrists,
2229,2019,Medicine,Female,Health professionals n.e.c.,
2230,2019,Medicine,Female,Physiotherapists,
2231,2019,Medicine,Female,Occupational therapists,
2232,2019,Medicine,Female,Speech and language therapists,
2233,2019,Medicine,Female,Therapy professionals n.e.c.,
2238,2019,Medicine,All genders,Administrative and secretarial occupations,
2239,2019,Medicine,All genders,Skilled trades occupations,
2241,2019,Medicine,All genders,Sales and customer service occupations,
2243,2019,Medicine,All genders,Elementary occupations,
2248,2019,Medicine,All genders,Psychologists,
2249,2019,Medicine,All genders,Pharmacists,
2250,2019,Medicine,All genders,Ophthalmic opticians,
2251,2019,Medicine,All genders,Dental practitioners,
2252,2019,Medicine,All genders,Veterinarians,
2253,2019,Medicine,All genders,Medical radiographers,
2254,2019,Medicine,All genders,Podiatrists,
2255,2019,Medicine,All genders,Health professionals n.e.c.,
2256,2019,Medicine,All genders,Physiotherapists,
2257,2019,Medicine,All genders,Occupational therapists,
2258,2019,Medicine,All genders,Speech and language therapists,
2259,2019,Medicine,All genders,Therapy professionals n.e.c.,
2270,2019,Social Care,Male,"Science, research, engineering and technology professionals",
2273,2019,Social Care,Male,Medical practitioners,
2274,2019,Social Care,Male,Psychologists,
2275,2019,Social Care,Male,Pharmacists,
2276,2019,Social Care,Male,Ophthalmic opticians,
2277,2019,Social Care,Male,Dental practitioners,
2278,2019,Social Care,Male,Veterinarians,
2279,2019,Social Care,Male,Medical radiographers,
2280,2019,Social Care,Male,Podiatrists,
2281,2019,Social Care,Male,Health professionals n.e.c.,
2282,2019,Social Care,Male,Physiotherapists,
2283,2019,Social Care,Male,Occupational therapists,
2284,2019,Social Care,Male,Speech and language therapists,
2285,2019,Social Care,Male,Therapy professionals n.e.c.,
2286,2019,Social Care,Male,Nurses and midwives,
2296,2019,Social Care,Female,"Science, research, engineering and technology professionals",
2301,2019,Social Care,Female,Pharmacists,
2302,2019,Social Care,Female,Ophthalmic opticians,
2303,2019,Social Care,Female,Dental practitioners,
2304,2019,Social Care,Female,Veterinarians,
2305,2019,Social Care,Female,Medical radiographers,
2306,2019,Social Care,Female,Podiatrists,
2307,2019,Social Care,Female,Health professionals n.e.c.,
2308,2019,Social Care,Female,Physiotherapists,
2310,2019,Social Care,Female,Speech and language therapists,
2311,2019,Social Care,Female,Therapy professionals n.e.c.,
2322,2019,Social Care,All genders,"Science, research, engineering and technology professionals",
2327,2019,Social Care,All genders,Pharmacists,
2328,2019,Social Care,All genders,Ophthalmic opticians,
2329,2019,Social Care,All genders,Dental practitioners,
2330,2019,Social Care,All genders,Veterinarians,
2331,2019,Social Care,All genders,Medical radiographers,
2332,2019,Social Care,All genders,Podiatrists,
2333,2019,Social Care,All genders,Health professionals n.e.c.,
2334,2019,Social Care,All genders,Physiotherapists,
2336,2019,Social Care,All genders,Speech and language therapists,
2337,2019,Social Care,All genders,Therapy professionals n.e.c.,
2340,2020,Nursing and Midwifery,Male,"Managers, directors and senior officials",
2341,2020,Nursing and Midwifery,Male,Associate professional and technical occupations,
2342,2020,Nursing and Midwifery,Male,Administrative and secretarial occupations,
2343,2020,Nursing and Midwifery,Male,Skilled trades occupations,
2346,2020,Nursing and Midwifery,Male,"Process, plant and machine operatives",
2347,2020,Nursing and Midwifery,Male,Elementary occupations,
2348,2020,Nursing and Midwifery,Male,"Science, research, engineering and technology professionals",
2349,2020,Nursing and Midwifery,Male,Teaching and educational professionals,
2350,2020,Nursing and Midwifery,Male,"Business, media and public service professionals",
2351,2020,Nursing and Midwifery,Male,Medical practitioners,
2352,2020,Nursing and Midwifery,Male,Psychologists,
2353,2020,Nursing and Midwifery,Male,Pharmacists,
2354,2020,Nursing and Midwifery,Male,Ophthalmic opticians,
2355,2020,Nursing and Midwifery,Male,Dental practitioners,
2356,2020,Nursing and Midwifery,Male,Veterinarians,
2357,2020,Nursing and Midwifery,Male,Medical radiographers,
2358,2020,Nursing and Midwifery,Male,Podiatrists,
2359,2020,Nursing and Midwifery,Male,Health professionals n.e.c.,
2360,2020,Nursing and Midwifery,Male,Physiotherapists,
2361,2020,Nursing and Midwifery,Male,Occupational therapists,
2362,2020,Nursing and Midwifery,Male,Speech and language therapists,
2363,2020,Nursing and Midwifery,Male,Therapy professionals n.e.c.,
2366,2020,Nursing and Midwifery,Female,"Managers, directors and senior officials",
2377,2020,Nursing and Midwifery,Female,Medical practitioners,
2378,2020,Nursing and Midwifery,Female,Psychologists,
2379,2020,Nursing and Midwifery,Female,Pharmacists,
2380,2020,Nursing and Midwifery,Female,Ophthalmic opticians,
2381,2020,Nursing and Midwifery,Female,Dental practitioners,
2382,2020,Nursing and Midwifery,Female,Veterinarians,
2383,2020,Nursing and Midwifery,Female,Medical radiographers,
2384,2020,Nursing and Midwifery,Female,Podiatrists,
2385,2020,Nursing and Midwifery,Female,Health professionals n.e.c.,
2386,2020,Nursing and Midwifery,Female,Physiotherapists,
2387,2020,Nursing and Midwifery,Female,Occupational therapists,
2388,2020,Nursing and Midwifery,Female,Speech and language therapists,
2389,2020,Nursing and Midwifery,Female,Therapy professionals n.e.c.,
2392,2020,Nursing and Midwifery,All genders,"Managers, directors and senior officials",
2403,2020,Nursing and Midwifery,All genders,Medical practitioners,
2404,2020,Nursing and Midwifery,All genders,Psychologists,
2405,2020,Nursing and Midwifery,All genders,Pharmacists,
2406,2020,Nursing and Midwifery,All genders,Ophthalmic opticians,
2407,2020,Nursing and Midwifery,All genders,Dental practitioners,
2408,2020,Nursing and Midwifery,All genders,Veterinarians,
2409,2020,Nursing and Midwifery,All genders,Medical radiographers,
2410,2020,Nursing and Midwifery,All genders,Podiatrists,
2411,2020,Nursing and Midwifery,All genders,Health professionals n.e.c.,
2412,2020,Nursing and Midwifery,All genders,Physiotherapists,
2413,2020,Nursing and Midwifery,All genders,Occupational therapists,
2414,2020,Nursing and Midwifery,All genders,Speech and language therapists,
2415,2020,Nursing and Midwifery,All genders,Therapy professionals n.e.c.,
2420,2020,Medicine,Male,Administrative and secretarial occupations,
2421,2020,Medicine,Male,Skilled trades occupations,
2422,2020,Medicine,Male,"Caring, leisure and other service occupations",
2423,2020,Medicine,Male,Sales and customer service occupations,
2424,2020,Medicine,Male,"Process, plant and machine operatives",
2425,2020,Medicine,Male,Elementary occupations,
2427,2020,Medicine,Male,Teaching and educational professionals,
2430,2020,Medicine,Male,Psychologists,
2431,2020,Medicine,Male,Pharmacists,
2432,2020,Medicine,Male,Ophthalmic opticians,
2433,2020,Medicine,Male,Dental practitioners,
2434,2020,Medicine,Male,Veterinarians,
2435,2020,Medicine,Male,Medical radiographers,
2436,2020,Medicine,Male,Podiatrists,
2437,2020,Medicine,Male,Health professionals n.e.c.,
2438,2020,Medicine,Male,Physiotherapists,
2439,2020,Medicine,Male,Occupational therapists,
2440,2020,Medicine,Male,Speech and language therapists,
2441,2020,Medicine,Male,Therapy professionals n.e.c.,
2442,2020,Medicine,Male,Nurses and midwives,
2444,2020,Medicine,Female,"Managers, directors and senior officials",
2445,2020,Medicine,Female,Associate professional and technical occupations,
2446,2020,Medicine,Female,Administrative and secretarial occupations,
2448,2020,Medicine,Female,"Caring, leisure and other service occupations",
2449,2020,Medicine,Female,Sales and customer service occupations,
2450,2020,Medicine,Female,"Process, plant and machine operatives",
2451,2020,Medicine,Female,Elementary occupations,
2452,2020,Medicine,Female,"Science, research, engineering and technology professionals",
2453,2020,Medicine,Female,Teaching and educational professionals,
2454,2020,Medicine,Female,"Business, media and public service professionals",
2456,2020,Medicine,Female,Psychologists,
2457,2020,Medicine,Female,Pharmacists,
2458,2020,Medicine,Female,Ophthalmic opticians,
2459,2020,Medicine,Female,Dental practitioners,
2460,2020,Medicine,Female,Veterinarians,
2461,2020,Medicine,Female,Medical radiographers,
2462,2020,Medicine,Female,Podiatrists,
2463,2020,Medicine,Female,Health professionals n.e.c.,
2464,2020,Medicine,Female,Physiotherapists,
2465,2020,Medicine,Female,Occupational therapists,
2466,2020,Medicine,Female,Speech and language therapists,
2467,2020,Medicine,Female,Therapy professionals n.e.c.,
2468,2020,Medicine,Female,Nurses and midwives,
2472,2020,Medicine,All genders,Administrative and secretarial occupations,
2474,2020,Medicine,All genders,"Caring, leisure and other service occupations",
2475,2020,Medicine,All genders,Sales and customer service occupations,
2476,2020,Medicine,All genders,"Process, plant and machine operatives",
2477,2020,Medicine,All genders,Elementary occupations,
2479,2020,Medicine,All genders,Teaching and educational professionals,
2482,2020,Medicine,All genders,Psychologists,
2483,2020,Medicine,All genders,Pharmacists,
2484,2020,Medicine,All genders,Ophthalmic opticians,
2485,2020,Medicine,All genders,Dental practitioners,
2486,2020,Medicine,All genders,Veterinarians,
2487,2020,Medicine,All genders,Medical radiographers,
2488,2020,Medicine,All genders,Podiatrists,
2489,2020,Medicine,All genders,Health professionals n.e.c.,
2490,2020,Medicine,All genders,Physiotherapists,
2491,2020,Medicine,All genders,Occupational therapists,
2492,2020,Medicine,All genders,Speech and language therapists,
2493,2020,Medicine,All genders,Therapy professionals n.e.c.,
2494,2020,Medicine,All genders,Nurses and midwives,
2502,2020,Social Care,Male,"Process, plant and machine operatives",
2504,2020,Social Care,Male,"Science, research, engineering and technology professionals",
2507,2020,Social Care,Male,Medical practitioners,
2508,2020,Social Care,Male,Psychologists,
2509,2020,Social Care,Male,Pharmacists,
2510,2020,Social Care,Male,Ophthalmic opticians,
2511,2020,Social Care,Male,Dental practitioners,
2512,2020,Social Care,Male,Veterinarians,
2513,2020,Social Care,Male,Medical radiographers,
2514,2020,Social Care,Male,Podiatrists,
2515,2020,Social Care,Male,Health professionals n.e.c.,
2516,2020,Social Care,Male,Physiotherapists,
2517,2020,Social Care,Male,Occupational therapists,
2518,2020,Social Care,Male,Speech and language therapists,
2519,2020,Social Care,Male,Therapy professionals n.e.c.,
2533,2020,Social Care,Female,Medical practitioners,
2534,2020,Social Care,Female,Psychologists,
2535,2020,Social Care,Female,Pharmacists,
2536,2020,Social Care,Female,Ophthalmic opticians,
2537,2020,Social Care,Female,Dental practitioners,
2538,2020,Social Care,Female,Veterinarians,
2540,2020,Social Care,Female,Podiatrists,
2541,2020,Social Care,Female,Health professionals n.e.c.,
2542,2020,Social Care,Female,Physiotherapists,
2543,2020,Social Care,Female,Occupational therapists,
2544,2020,Social Care,Female,Speech and language therapists,
2545,2020,Social Care,Female,Therapy professionals n.e.c.,
2546,2020,Social Care,Female,Nurses and midwives,
2559,2020,Social Care,All genders,Medical practitioners,
2560,2020,Social Care,All genders,Psychologists,
2561,2020,Social Care,All genders,Pharmacists,
2562,2020,Social Care,All genders,Ophthalmic opticians,
2563,2020,Social Care,All genders,Dental practitioners,
2564,2020,Social Care,All genders,Veterinarians,
2566,2020,Social Care,All genders,Podiatrists,
2567,2020,Social Care,All genders,Health professionals n.e.c.,
2568,2020,Social Care,All genders,Physiotherapists,
2569,2020,Social Care,All genders,Occupational therapists,
2570,2020,Social Care,All genders,Speech and language therapists,
2571,2020,Social Care,All genders,Therapy professionals n.e.c.,
2574,2021,Nursing and Midwifery,Male,"Managers, directors and senior officials",
2576,2021,Nursing and Midwifery,Male,Administrative and secretarial occupations,
2577,2021,Nursing and Midwifery,Male,Skilled trades occupations,
2579,2021,Nursing and Midwifery,Male,Sales and customer service occupations,
2580,2021,Nursing and Midwifery,Male,"Process, plant and machine operatives",
2581,2021,Nursing and Midwifery,Male,Elementary occupations,
2582,2021,Nursing and Midwifery,Male,"Science, research, engineering and technology professionals",
2583,2021,Nursing and Midwifery,Male,Teaching and educational professionals,
2584,2021,Nursing and Midwifery,Male,"Business, media and public service professionals",
2585,2021,Nursing and Midwifery,Male,Medical practitioners,
2586,2021,Nursing and Midwifery,Male,Psychologists,
2587,2021,Nursing and Midwifery,Male,Pharmacists,
2588,2021,Nursing and Midwifery,Male,Ophthalmic opticians,
2589,2021,Nursing and Midwifery,Male,Dental practitioners,
2590,2021,Nursing and Midwifery,Male,Veterinarians,
2591,2021,Nursing and Midwifery,Male,Medical radiographers,
2592,2021,Nursing and Midwifery,Male,Podiatrists,
2593,2021,Nursing and Midwifery,Male,Health professionals n.e.c.,
2594,2021,Nursing and Midwifery,Male,Physiotherapists,
2595,2021,Nursing and Midwifery,Male,Occupational therapists,
2596,2021,Nursing and Midwifery,Male,Speech and language therapists,
2597,2021,Nursing and Midwifery,Male,Therapy professionals n.e.c.,
2608,2021,Nursing and Midwifery,Female,"Science, research, engineering and technology professionals",
2611,2021,Nursing and Midwifery,Female,Medical practitioners,
2612,2021,Nursing and Midwifery,Female,Psychologists,
2613,2021,Nursing and Midwifery,Female,Pharmacists,
2614,2021,Nursing and Midwifery,Female,Ophthalmic opticians,
2615,2021,Nursing and Midwifery,Female,Dental practitioners,
2616,2021,Nursing and Midwifery,Female,Veterinarians,
2617,2021,Nursing and Midwifery,Female,Medical radiographers,
2618,2021,Nursing and Midwifery,Female,Podiatrists,
2619,2021,Nursing and Midwifery,Female,Health professionals n.e.c.,
2620,2021,Nursing and Midwifery,Female,Physiotherapists,
2621,2021,Nursing and Midwifery,Female,Occupational therapists,
2622,2021,Nursing and Midwifery,Female,Speech and language therapists,
2623,2021,Nursing and Midwifery,Female,Therapy professionals n.e.c.,
2634,2021,Nursing and Midwifery,All genders,"Science, research, engineering and technology professionals",
2637,2021,Nursing and Midwifery,All genders,Medical practitioners,
2638,2021,Nursing and Midwifery,All genders,Psychologists,
2639,2021,Nursing and Midwifery,All genders,Pharmacists,
2640,2021,Nursing and Midwifery,All genders,Ophthalmic opticians,
2641,2021,Nursing and Midwifery,All genders,Dental practitioners,
2642,2021,Nursing and Midwifery,All genders,Veterinarians,
2643,2021,Nursing and Midwifery,All genders,Medical radiographers,
2644,2021,Nursing and Midwifery,All genders,Podiatrists,
2645,2021,Nursing and Midwifery,All genders,Health professionals n.e.c.,
2646,2021,Nursing and Midwifery,All genders,Physiotherapists,
2647,2021,Nursing and Midwifery,All genders,Occupational therapists,
2648,2021,Nursing and Midwifery,All genders,Speech and language therapists,
2649,2021,Nursing and Midwifery,All genders,Therapy professionals n.e.c.,
2652,2021,Medicine,Male,"Managers, directors and senior officials",
2654,2021,Medicine,Male,Administrative and secretarial occupations,
2655,2021,Medicine,Male,Skilled trades occupations,
2659,2021,Medicine,Male,Elementary occupations,
2660,2021,Medicine,Male,"Science, research, engineering and technology professionals",
2661,2021,Medicine,Male,Teaching and educational professionals,
2662,2021,Medicine,Male,"Business, media and public service professionals",
2664,2021,Medicine,Male,Psychologists,
2666,2021,Medicine,Male,Ophthalmic opticians,
2667,2021,Medicine,Male,Dental practitioners,
2668,2021,Medicine,Male,Veterinarians,
2669,2021,Medicine,Male,Medical radiographers,
2670,2021,Medicine,Male,Podiatrists,
2671,2021,Medicine,Male,Health professionals n.e.c.,
2672,2021,Medicine,Male,Physiotherapists,
2673,2021,Medicine,Male,Occupational therapists,
2674,2021,Medicine,Male,Speech and language therapists,
2675,2021,Medicine,Male,Therapy professionals n.e.c.,
2678,2021,Medicine,Female,"Managers, directors and senior officials",
2681,2021,Medicine,Female,Skilled trades occupations,
2683,2021,Medicine,Female,Sales and customer service occupations,
2684,2021,Medicine,Female,"Process, plant and machine operatives",
2686,2021,Medicine,Female,"Science, research, engineering and technology professionals",
2687,2021,Medicine,Female,Teaching and educational professionals,
2688,2021,Medicine,Female,"Business, media and public service professionals",
2690,2021,Medicine,Female,Psychologists,
2691,2021,Medicine,Female,Pharmacists,
2692,2021,Medicine,Female,Ophthalmic opticians,
2693,2021,Medicine,Female,Dental practitioners,
2694,2021,Medicine,Female,Veterinarians,
2695,2021,Medicine,Female,Medical radiographers,
2696,2021,Medicine,Female,Podiatrists,
2697,2021,Medicine,Female,Health professionals n.e.c.,
2698,2021,Medicine,Female,Physiotherapists,
2699,2021,Medicine,Female,Occupational therapists,
2700,2021,Medicine,Female,Speech and language therapists,
2701,2021,Medicine,Female,Therapy professionals n.e.c.,
2702,2021,Medicine,Female,Nurses and midwives,
2704,2021,Medicine,All genders,"Managers, directors and senior officials",
2707,2021,Medicine,All genders,Skilled trades occupations,
2712,2021,Medicine,All genders,"Science, research, engineering and technology professionals",
2713,2021,Medicine,All genders,Teaching and educational professionals,
2714,2021,Medicine,All genders,"Business, media and public service professionals",
2716,2021,Medicine,All genders,Psychologists,
2718,2021,Medicine,All genders,Ophthalmic opticians,
2719,2021,Medicine,All genders,Dental practitioners,
2720,2021,Medicine,All genders,Veterinarians,
2721,2021,Medicine,All genders,Medical radiographers,
2722,2021,Medicine,All genders,Podiatrists,
2723,2021,Medicine,All genders,Health professionals n.e.c.,
2724,2021,Medicine,All genders,Physiotherapists,
2725,2021,Medicine,All genders,Occupational therapists,
2726,2021,Medicine,All genders,Speech and language therapists,
2727,2021,Medicine,All genders,Therapy professionals n.e.c.,
2741,2021,Social Care,Male,Medical practitioners,
2742,2021,Social Care,Male,Psychologists,
2743,2021,Social Care,Male,Pharmacists,
2744,2021,Social Care,Male,Ophthalmic opticians,
2745,2021,Social Care,Male,Dental practitioners,
2746,2021,Social Care,Male,Veterinarians,
2747,2021,Social Care,Male,Medical radiographers,
2748,2021,Social Care,Male,Podiatrists,
2749,2021,Social Care,Male,Health professionals n.e.c.,
2750,2021,Social Care,Male,Physiotherapists,
2751,2021,Social Care,Male,Occupational therapists,
2752,2021,Social Care,Male,Speech and language therapists,
2753,2021,Social Care,Male,Therapy professionals n.e.c.,
2764,2021,Social Care,Female,"Science, research, engineering and technology professionals",
2767,2021,Social Care,Female,Medical practitioners,
2768,2021,Social Care,Female,Psychologists,
2769,2021,Social Care,Female,Pharmacists,
2770,2021,Social Care,Female,Ophthalmic opticians,
2771,2021,Social Care,Female,Dental practitioners,
2772,2021,Social Care,Female,Veterinarians,
2773,2021,Social Care,Female,Medical radiographers,
2774,2021,Social Care,Female,Podiatrists,
2775,2021,Social Care,Female,Health professionals n.e.c.,
2776,2021,Social Care,Female,Physiotherapists,
2777,2021,Social Care,Female,Occupational therapists,
2778,2021,Social Care,Female,Speech and language therapists,
2793,2021,Social Care,All genders,Medical practitioners,
2794,2021,Social Care,All genders,Psychologists,
2795,2021,Social Care,All genders,Pharmacists,
2796,2021,Social Care,All genders,Ophthalmic opticians,
2797,2021,Social Care,All genders,Dental practitioners,
2798,2021,Social Care,All genders,Veterinarians,
2799,2021,Social Care,All genders,Medical radiographers,
2800,2021,Social Care,All genders,Podiatrists,
2801,2021,Social Care,All genders,Health professionals n.e.c.,
2802,2021,Social Care,All genders,Physiotherapists,
2803,2021,Social Care,All genders,Occupational therapists,
2804,2021,Social Care,All genders,Speech and language therapists,
